Name,Gender,Race,Age,Hair,Height,Affiliation,Place of Origin,First Appearance,Canonical status,Living status,Difficulty,Image
Grand Fisher,Male,Arrancar,100-1000,Green,342,Espada,Karakura Town,Agent of the Shinigami Arc,Canon,Deceased,Easy,https://static.wikia.nocookie.net/bleach/images/7/71/Ep111GrandFisherProfile3.png/revision/latest/scale-to-width-down/1000?cb=20230618052619&path-prefix=en
Yasutora Sado (Chad),Male,Fullbringer,001-20,Brown,197,Ryoka,Karakura Town,Agent of the Shinigami Arc,Canon,Living,Easy,https://static.wikia.nocookie.net/bleach/images/e/e9/Ep351SadoProfile.png/revision/latest/scale-to-width-down/1000?cb=20231105184729&path-prefix=en
Orihime Inoue,Female,Fullbringer,001-20,Ginger,157,Ryoka,Karakura Town,Agent of the Shinigami Arc,Canon,Living,Easy,https://static.wikia.nocookie.net/bleach/images/c/c7/Ep397OrihimeProfile.png/revision/latest?cb=20241111181107&path-prefix=en
Acidwire (Sora Inoue),Male,Hollow,21-40,Brown,400-500,Independent,Karakura Town,Agent of the Shinigami Arc,Canon,Deceased,Easy,https://static.wikia.nocookie.net/bleach/images/0/09/Ep2AcidwireMaskShatters.png/revision/latest/scale-to-width-down/1000?cb=20210311234138&path-prefix=en
Shrieker,Male,Hollow,41-60,None,400-500,Independent,Karakura Town,Agent of the Shinigami Arc,Canon,Deceased,Easy,https://static.wikia.nocookie.net/bleach/images/f/fe/Ep4Shrieker.png/revision/latest?cb=20210312064527&path-prefix=en
Numb Chandelier,Female,Hollow,100-1000,None,600-800,Independent,Karakura Town,Agent of the Shinigami Arc,Canon,Deceased,Medium,https://static.wikia.nocookie.net/bleach/images/3/36/Ep13NumbChandelier.png/revision/latest/scale-to-width-down/1000?cb=20210325231830&path-prefix=en
Bulbous G,None,Hollow,100-1000,None,250-300,Independent,Karakura Town,Agent of the Shinigami Arc,Canon,Deceased,Medium,https://static.wikia.nocookie.net/bleach/images/c/c8/Ep12BulbousGProfile.png/revision/latest/scale-to-width-down/1000?cb=20210325080600&path-prefix=en
Oscar Joaquin de la Rosa (Abuelo),Male,Human,61-100,Brown,Unknown,Civilian,Mexico,Agent of The Shinigami Arc,Canon,Deceased,Impossible,https://static.wikia.nocookie.net/bleach/images/9/98/Abuelo_%28ep249%29.png/revision/latest?cb=20131014030424&path-prefix=en
Yuichi Shibata,Male,Human,001-20,Brown,122,Civilian,Karakura Town,Agent of the Shinigami Arc,Canon,Deceased,Medium,https://static.wikia.nocookie.net/bleach/images/3/3d/Ep22YuichiProfile.png/revision/latest?cb=20210330211250&path-prefix=en
Keigo Asano,Male,Human,001-20,Brown,170,Civilian,Karakura Town,Agent of the Shinigami Arc,Canon,Living,Easy,https://static.wikia.nocookie.net/bleach/images/3/30/Ep122KeigoProfile.png/revision/latest?cb=20210908004821&path-prefix=en
Mizuiro Kojima,Male,Human,001-20,Black,154,Civilian,Karakura Town,Agent of the Shinigami Arc,Canon,Living,Easy,https://static.wikia.nocookie.net/bleach/images/5/56/Ep227MizuiroProfile.png/revision/latest/scale-to-width-down/1000?cb=20231105043314&path-prefix=en
Chizuru Honsho,Female,Human,001-20,Ginger,163, Civilian ,Karakura Town,Agent of the Shinigami Arc,Canon,Living,Hard,https://static.wikia.nocookie.net/bleach/images/a/a2/Ep214ChizuruProfile.png/revision/latest?cb=20190126061258&path-prefix=en
Tatsuki Arisawa,Female,Human,001-20,Black,155,Civilian,Karakura Town,Agent of the Shinigami Arc,Canon,Living,Easy,https://static.wikia.nocookie.net/bleach/images/6/62/Ep70TatsukiProfile.png/revision/latest?cb=20200818063236&path-prefix=en
Don Kanonji,Male,Human,41-60,Black,185,Ryoka,Karakura Town,Agent of the Shinigami Arc,Canon,Living,Easy,https://static.wikia.nocookie.net/bleach/images/4/41/Ep50DonKanonjiProfile.png/revision/latest?cb=20210411054438&path-prefix=en
Karin Kurosaki,Female,Hybrid,001-20,Black,136,Civilian,Karakura Town,Agent of the Shinigami Arc,Canon,Living,Easy,https://static.wikia.nocookie.net/bleach/images/7/70/Ep132KarinProfile.png/revision/latest?cb=20211024072021&path-prefix=en
Yuzu Kurosaki,Female,Hybrid,001-20,Blonde,137,Civilian,Karakura Town,Agent of the Shinigami Arc,Canon,Living,Easy,https://static.wikia.nocookie.net/bleach/images/a/ae/Ep80YuzuProfile.png/revision/latest?cb=20210415064944&path-prefix=en
Ichigo Kurosaki,Male,Hybrid,001-20,Ginger,181,Ryoka,Karakura Town,Agent of the Shinigami Arc,Canon,Living,Easy,https://static.wikia.nocookie.net/bleach/images/f/fb/434Ichigo_profile.png/revision/latest?cb=20251202153058&path-prefix=en
Jinta Hanakari,Male,Mod Soul,001-20,Red,126,Ryoka,Karakura Town,Agent of the Shinigami Arc,Canon,Living,Medium,https://static.wikia.nocookie.net/bleach/images/d/d6/Ep6JintaHanakari1.png/revision/latest?cb=20210313004425&path-prefix=en
Kon,Male,Mod Soul,001-20,Brown,27,Ryoka,Karakura Town,Agent of the Shinigami Arc,Canon,Living,Easy,https://static.wikia.nocookie.net/bleach/images/5/5f/KonProfileOpt1Ep320.png/revision/latest?cb=20130113171718&path-prefix=en
Ururu Tsumugiya,Female,Mod Soul,001-20,Black,145,Ryoka,Karakura Town,Agent of the Shinigami Arc,Canon,Living,Medium,https://static.wikia.nocookie.net/bleach/images/f/f9/Ep205UruruProfile.png/revision/latest?cb=20180912233510&path-prefix=en
Masaki Kurosaki,Female,Quincy,41-60,Brown,157,Civilian,Karakura Town,Agent of the shinigami Arc,Canon,Deceased,Easy,https://static.wikia.nocookie.net/bleach/images/c/cc/Ep377MasakiProfile2.png/revision/latest?cb=20221219215020&path-prefix=en
Ryuken Ishida,Male,Quincy,41-60,White,180,Ryoka,Karakura Town,Agent of the shinigami Arc,Canon,Living,Medium,https://static.wikia.nocookie.net/bleach/images/0/0b/Ep111RyukenProfile.png/revision/latest?cb=20210525042519&path-prefix=en
Uryu Ishida,Male,Quincy,001-20,Black,177,Sternritter,Karakura Town,Agent of the Shinigami Arc,Canon,Living,Easy,https://static.wikia.nocookie.net/bleach/images/f/f7/Ep343UryuProfile.png/revision/latest/scale-to-width-down/1000?cb=20221009010907&path-prefix=en
Soken Ishida,Male,Quincy,61-100,White,155,Sternritter,Karakura Town,Agent of the shinigami Arc,Canon,Deceased,Medium,https://static.wikia.nocookie.net/bleach/images/4/48/Ep406SokenProfile.png/revision/latest?cb=20241230215912&path-prefix=en
Gin Ichimaru,Male,Shinigami,100-1000,Purple,185,Espada,Seireitei,Agent of the Shinigami Arc,Canon,Deceased,Easy,https://static.wikia.nocookie.net/bleach/images/a/af/Ep35GinProfile.png/revision/latest/scale-to-width-down/1000?cb=20210409051336&path-prefix=en
Jushiro Ukitake,Male,Shinigami,100-1000,White,187,Gotei 13,Seireitei,Agent of the Shinigami Arc,Canon,Deceased,Easy,https://static.wikia.nocookie.net/bleach/images/c/c8/Ep215UkitakeProfile.png/revision/latest/scale-to-width-down/1000?cb=20220501214325&path-prefix=en
Byakuya Kuchiki,Male,Shinigami,100-1000,Black,180,Gotei 13,Seireitei,Agent of the Shinigami Arc,Canon,Living,Easy,https://static.wikia.nocookie.net/bleach/images/f/f6/Ep310ByakuyaProfile.png/revision/latest/scale-to-width-down/1000?cb=20231105191516&path-prefix=en
Kenpachi Zaraki,Male,Shinigami,100-1000,Black,202,Gotei 13,Seireitei,Agent of the Shinigami Arc,Canon,Living,Easy,https://static.wikia.nocookie.net/bleach/images/e/e7/Ep386KenpachiProfile.png/revision/latest/scale-to-width-down/1000?cb=20230921204006&path-prefix=en
Renji Abarai,Male,Shinigami,100-1000,Ginger,188,Gotei 13,Seireitei,Agent of the Shinigami Arc,Canon,Living,Easy,https://static.wikia.nocookie.net/bleach/images/2/29/Ep363RenjiProfile.png/revision/latest/scale-to-width-down/1000?cb=20231105054712&path-prefix=en
Rukia Kuchiki,Female,Shinigami,100-1000,Black,144,Gotei 13,Seireitei,Agent of the Shinigami Arc,Canon,Living,Easy,https://static.wikia.nocookie.net/bleach/images/e/ed/Ep267RukiaProfile.png/revision/latest/scale-to-width-down/1000?cb=20220622153811&path-prefix=en
Tessai Tsukabishi,Male,Shinigami,100-1000,Black,200,Ryoka,Seireitei,Agent of The Shinigami Arc,Canon,Living,Medium,https://static.wikia.nocookie.net/bleach/images/f/fc/Ep79TessaiProfile.png/revision/latest?cb=20210415064655&path-prefix=en
Isshin Kurosaki,Male,Shinigami,100-1000,Black,186,Ryoka,Karakura Town,Agent of the Shinigami Arc,Canon,Living,Easy,https://static.wikia.nocookie.net/bleach/images/6/67/Ep141IsshinProfile.png/revision/latest/scale-to-width-down/1000?cb=20231102010132&path-prefix=en
Kisuke Urahara,Male,Shinigami,100-1000,Blonde,183,Ryoka,Karakura Town,Agent of the Shinigami Arc,Canon,Living,Easy,https://static.wikia.nocookie.net/bleach/images/8/8f/Ep6KisukeUrahara.png/revision/latest/scale-to-width-down/1000?cb=20210313004610&path-prefix=en
Yoruichi Shihoin,Female,Shinigami,100-1000,Purple,156,Ryoka,Karakura Town,Agent of the Shinigami Arc,Canon,Living,Easy,https://static.wikia.nocookie.net/bleach/images/6/62/Ep246YoruichiShih%C5%8Din.png/revision/latest/scale-to-width-down/1000?cb=20231105202606&path-prefix=en
Kaname Tosen,Male,Hybrid,100-1000,Purple,176,Espada,Hueco Mundo,Soul Society: The Sneak Entry Arc,Canon,Deceased,Easy,https://static.wikia.nocookie.net/bleach/images/9/90/Ep38TosenProfile.png/revision/latest?cb=20210410030515&path-prefix=en
Genryusai Shigekuni Yamamoto,Male,Shinigami,1000+,Bald,168,Gotei 13,Seireitei,Soul Society: The Sneak Entry Arc,Canon,Deceased,Easy,https://static.wikia.nocookie.net/bleach/images/6/6c/206Yamamoto_profile.png/revision/latest/scale-to-width-down/1000?cb=20231105205116&path-prefix=en
jidanbo Ikkanzaka,Male,Shinigami,100-1000,Black,427,Gotei 13,Seireitei,Soul Society: The Sneak Entry Arc,Canon,Living,Medium,https://static.wikia.nocookie.net/bleach/images/5/5e/Ep21JidanboProfile.png/revision/latest/scale-to-width-down/1000?cb=20210330101954&path-prefix=en
Jirobo Ikkanzaka,Male,Shinigami,100-1000,Black,231,Gotei 13,Seireitei,Soul Society: The Sneak Entry Arc,Canon,Living,Hard,https://static.wikia.nocookie.net/bleach/images/a/aa/Ep28Jir%C5%8Db%C5%8DIkkanzaka.png/revision/latest?cb=20210401223940&path-prefix=en
Mayuri Kurotsuchi,Male,Shinigami,100-1000,Black,174,Gotei 13,Seireitei,Soul Society: The Sneak Entry Arc,Canon,Living,Easy,https://static.wikia.nocookie.net/bleach/images/1/1c/Ep402MayuriRevealsEffects.png/revision/latest/scale-to-width-down/1000?cb=20241211011213&path-prefix=en
Shunsui Kyoraku,Male,Shinigami,100-1000,Black,192,Gotei 13,Seireitei,Soul Society: The Sneak Entry Arc,Canon,Living,Easy,https://static.wikia.nocookie.net/bleach/images/0/03/Ep375ShunsuiProfile.png/revision/latest/scale-to-width-down/1000?cb=20221205191725&path-prefix=en
Toshiro Hitsugaya,Male,Shinigami,100-1000,White,134,Gotei 13,Seireitei,Soul Society: The Sneak Entry Arc,Canon,Living,Easy,https://static.wikia.nocookie.net/bleach/images/1/16/Hitsugayatoshiro.png/revision/latest/scale-to-width-down/1000?cb=20220501214054&path-prefix=en
Yumichika Ayasegawa,Male,Shinigami,100-1000,Black,165,Gotei 13,Seireitei,Soul Society: The Sneak Entry Arc,Canon,Living,Easy,https://static.wikia.nocookie.net/bleach/images/3/3d/Ep130YumichikaAyasegawa.png/revision/latest?cb=20211012030937&path-prefix=en
Retsu Unohana,Female,Shinigami,1000+,Black,159,Gotei 13,Seireitei,Soul Society: The Sneak Entry Arc,Canon,Deceased,Easy,https://static.wikia.nocookie.net/bleach/images/e/ea/Ep206UnohanaProfile.png/revision/latest/scale-to-width-down/1000?cb=20231105204710&path-prefix=en
Kiyone Kotetsu,Female,Shinigami,100-1000,Blonde,154,Gotei 13,Seireitei,Soul Society: The Sneak Entry Arc,Canon,Living,Medium,https://static.wikia.nocookie.net/bleach/images/2/2c/Ep397KiyoneProfile.png/revision/latest?cb=20241118181112&path-prefix=en
Rangiku Matsumoto,Female,Shinigami,100-1000,Ginger,172,Gotei 13,Seireitei,Soul Society: The Sneak Entry Arc,Canon,Living,Easy,https://static.wikia.nocookie.net/bleach/images/9/90/Matsumoto_Rangiku_Mugshot_2.png/revision/latest?cb=20231105194031&path-prefix=en
Sui-Feng (Shaolin Feng),Female,Shinigami,100-1000,Black,150,Gotei 13,Seireitei,Soul Society: The Sneak Entry Arc,Canon,Living,Easy,https://static.wikia.nocookie.net/bleach/images/b/b8/Episode_366_Sui-Feng.png/revision/latest?cb=20231105203325&path-prefix=en
Kukaku Shiba,Female,Shinigami,100-1000,Black,168,Noble,Rukongai,Soul Society: The Sneak Entry Arc,Canon,Living,Medium,https://static.wikia.nocookie.net/bleach/images/4/4e/Ep23KukakuProfile.png/revision/latest?cb=20210331011230&path-prefix=en
Ganju Shiba,Male,Shinigami,100-1000,Black,170,Ryoka,Rukongai,Soul Society: The Sneak Entry Arc,Canon,Living,Easy,https://static.wikia.nocookie.net/bleach/images/2/22/Ep390GanjuProfile.png/revision/latest?cb=20230928064838&path-prefix=en
Sosuke Aizen,Male,Transcendent,100-1000,Brown,186,Espada,Seireitei,Soul Society: The Sneak Entry Arc,Canon,Living,Easy,https://static.wikia.nocookie.net/bleach/images/a/af/Ep215AizenProfile.png/revision/latest/scale-to-width-down/1000?cb=20220501224017&path-prefix=en
Nemu Kurotsuchi,Female,Mod Soul,100-1000,Black,165,Gotei 13,Seireitei,Soul Society: The Rescue Arc,Canon,Deceased,Easy,https://static.wikia.nocookie.net/bleach/images/4/47/Ep200NemuOpt8.png/revision/latest?cb=20231105192406&path-prefix=en
Chojuro Sasakibe,Male,Shinigami,1000+,Blonde,179,Gotei 13,Seireitei,Soul Society: The Rescue Arc,Canon,Deceased,Easy,https://static.wikia.nocookie.net/bleach/images/e/e5/Ep215ChojiroProfile.png/revision/latest?cb=20221130090025&path-prefix=en
Kaien Shiba,Male,Shinigami,100-1000,Black,183,Gotei 13,Seireitei,Soul Society: The Rescue Arc,Canon,Deceased,Easy,https://static.wikia.nocookie.net/bleach/images/e/ee/Ep208KaienProfile.png/revision/latest?cb=20231105202259&path-prefix=en
Akon,Male,Shinigami,100-1000,Black,180,Gotei 13,Seireitei,Soul Society: The Rescue Arc,Canon,Living,Easy,https://static.wikia.nocookie.net/bleach/images/8/82/Ep295AkonProfile.png/revision/latest?cb=20231106083113&path-prefix=en
Hanataro Yamada,Male,Shinigami,100-1000,Black,153,Gotei 13,Seireitei,Soul Society: The Rescue Arc,Canon,Living,Easy,https://static.wikia.nocookie.net/bleach/images/f/f1/Ep29Hanatar%C5%8DYamada.png/revision/latest?cb=20210402011948&path-prefix=en
Ikkaku Madarame,Male,Shinigami,100-1000,Bald,182,Gotei 13,Seireitei,Soul Society: The Rescue Arc,Canon,Living,Easy,https://static.wikia.nocookie.net/bleach/images/4/41/Ep242IkkakuProfile.png/revision/latest?cb=20190129064209&path-prefix=en
Makizo Aramaki (Maki Maki),Male,Shinigami,100-1000,Black,179,Gotei 13,Seireitei,Soul Society: The Rescue Arc,Canon,Living,Impossible,https://static.wikia.nocookie.net/bleach/images/4/40/Ep45AramakiProfile.png/revision/latest?cb=20210411011148&path-prefix=en
Marechiyo Omaeda,Male,Shinigami,100-1000,Black,210,Gotei 13,Seireitei,Soul Society: The Rescue Arc,Canon,Living,Easy,https://static.wikia.nocookie.net/bleach/images/4/48/Ep51MarechiyoComplainsProblems.png/revision/latest/scale-to-width-down/1000?cb=20200418222817&path-prefix=en
Sentaro Kotsubaki,Male,Shinigami,100-1000,Black,179,Gotei 13,Seireitei,Soul Society: The Rescue Arc,Canon,Living,Impossible,https://static.wikia.nocookie.net/bleach/images/b/b2/Ep42SentaroProfile.png/revision/latest?cb=20210410063911&path-prefix=en
Shuhei Hisagi,Male,Shinigami,100-1000,Black,181,Gotei 13,Seireitei,Soul Society: The Rescue Arc,Canon,Living,Easy,https://static.wikia.nocookie.net/bleach/images/1/10/Ep216HisagiProfile.png/revision/latest/scale-to-width-down/1000?cb=20220503231623&path-prefix=en
Tetsuzaemon Iba,Male,Shinigami,100-1000,Black,180,Gotei 13,Seireitei,Soul Society: The Rescue Arc,Canon,Living,Medium,https://static.wikia.nocookie.net/bleach/images/1/1d/Ep215IbaProfile.png/revision/latest/scale-to-width-down/1000?cb=20231105055847&path-prefix=en
Izuru Kira,Male,Shinigami,100-1000,Blonde,187,Gotei 13,Seireitei,Soul Society: The Rescue Arc,Canon,Zombified,Easy,https://static.wikia.nocookie.net/bleach/images/c/ca/Kiraizuru.png/revision/latest/scale-to-width-down/1000?cb=20231105060800&path-prefix=en
Miyako Shiba,Female,Shinigami,100-1000,Black,165,Gotei 13,Seireitei,Soul Society: The Rescue Arc,Canon,Deceased,Hard,https://static.wikia.nocookie.net/bleach/images/2/2f/Ep49MiyakoShiba.png/revision/latest?cb=20210411043755&path-prefix=en
Yachiru Kusajishi,Female,Shinigami,100-1000,Pink,109,Gotei 13,Seireitei,Soul Society: The Rescue Arc,Canon,Deceased,Easy,https://static.wikia.nocookie.net/bleach/images/0/0e/Ep36YachiruProfile.png/revision/latest?cb=20210409065447&path-prefix=en
Isane Kotetsu,Female,Shinigami,100-1000,White,187,Gotei 13,Seireitei,Soul Society: The Rescue Arc,Canon,Living,Medium,https://static.wikia.nocookie.net/bleach/images/1/16/Ep197IsaneKotetsu.png/revision/latest/scale-to-width-down/1000?cb=20220417033741&path-prefix=en
Momo Hinamori,Female,Shinigami,100-1000,Black,151,Gotei 13,Seireitei,Soul Society: The Rescue Arc,Canon,Living,Easy,https://static.wikia.nocookie.net/bleach/images/d/d8/Ep265MomoHinamori.png/revision/latest?cb=20231105055400&path-prefix=en
Nanao Ise,Female,Shinigami,100-1000,Black,164,Gotei 13,Seireitei,Soul Society: The Rescue Arc,Canon,Living,Easy,https://static.wikia.nocookie.net/bleach/images/a/aa/DDRNanao_profile_2.png/revision/latest?cb=20190130200105&path-prefix=en
Hisana Kuchiki,Female,Shinigami,100-1000,Black,165,Gotei 13,Hell,Soul Society: The Rescue Arc,Canon,Deceased,Medium,https://static.wikia.nocookie.net/bleach/images/e/ea/Ep62HisanaProfile.png/revision/latest?cb=20210414023932&path-prefix=en
Sajin Komamura,Male,Shinigami,100-1000,Brown,288,Gotei 13,Seireitei,Soul Society: The Rescue Arc,Canon,Ambiguous,Easy,https://static.wikia.nocookie.net/bleach/images/f/f4/Ep215SajinKomamura.png/revision/latest?cb=20231105061227&path-prefix=en
Di Roy Rinker,Male,Arrancar,100-1000,Black,186,Arrancar,Hueco Mundo,Arrancar: The Arrival Arc,Canon,Deceased,Hard,https://static.wikia.nocookie.net/bleach/images/3/3d/Ep117DiRoyProfile.png/revision/latest/scale-to-width-down/1000?cb=20231110201334&path-prefix=en
Edrad Liones,Male,Arrancar,100-1000,Brown,196,Arrancar,Hueco Mundo,Arrancar: The Arrival Arc,Canon,Deceased,Hard,https://static.wikia.nocookie.net/bleach/images/b/b0/Ep117EdradProfile.png/revision/latest/scale-to-width-down/1000?cb=20230430042620&path-prefix=en
Shawlong Koufang,Male,Arrancar,100-1000,Black,189,Arrancar,Hueco Mundo,Arrancar: The Arrival Arc,Canon,Deceased,Hard,https://static.wikia.nocookie.net/bleach/images/a/ab/Ep120ShawlongProfile.png/revision/latest/scale-to-width-down/1000?cb=20231110192443&path-prefix=en
Aaroniero Arruruerie,Male,Arrancar,100-1000,Bald,205,Espada,Hueco Mundo,Arrancar: The Arrival Arc,Canon,Deceased,Medium,https://static.wikia.nocookie.net/bleach/images/5/5c/Ep153AaronieroProfile.png/revision/latest/scale-to-width-down/1000?cb=20220531233955&path-prefix=en
Coyote Starrk,Male,Arrancar,100-1000,Brown,187,Espada,Hueco Mundo,Arrancar: The Arrival Arc,Canon,Deceased,Easy,https://static.wikia.nocookie.net/bleach/images/e/eb/276Starrk_alt_2.png/revision/latest?cb=20140824165922&path-prefix=en
Luppi Antenor,Male,Arrancar,100-1000,Black,161,Espada,Hueco Mundo,Arrancar: The Arrival Arc,Canon,Deceased,Medium,https://static.wikia.nocookie.net/bleach/images/0/03/Ep388LuppiProfile.png/revision/latest?cb=20230921071853&path-prefix=en
Nnoitra Gilga,Male,Arrancar,100-1000,Black,215,Espada,Hueco Mundo,Arrancar: The Arrival Arc,Canon,Deceased,Medium,https://static.wikia.nocookie.net/bleach/images/1/10/Ep190NnoitraProfile.png/revision/latest/scale-to-width-down/1000?cb=20221225060324&path-prefix=en
Ulquiorra Cifer,Male,Arrancar,100-1000,Black,169,Espada,Hueco Mundo,Arrancar: The Arrival Arc,Canon,Deceased,Easy,https://static.wikia.nocookie.net/bleach/images/1/1b/Ep267UlquiorraProfile3.png/revision/latest/scale-to-width-down/1000?cb=20190402043903&path-prefix=en
Yammy Llargo,Male,Arrancar,100-1000,Bald,230,Espada,Hueco Mundo,Arrancar: The Arrival Arc,Canon,Deceased,Easy,https://static.wikia.nocookie.net/bleach/images/d/d2/Ep268YammyProfile.png/revision/latest/scale-to-width-down/1000?cb=20231110193115&path-prefix=en
Yylfordt Granz,Male,Arrancar,100-1000,Blonde,202,Espada,Hueco Mundo,Arrancar: The Arrival Arc,Canon,Deceased,Medium,https://static.wikia.nocookie.net/bleach/images/a/a6/Ep120YylfordtProfile.png/revision/latest/scale-to-width-down/1000?cb=20231110191200&path-prefix=en
Grimmjow Jaegerjaquez,Male,Arrancar,100-1000,Blue,186,Espada,Hueco Mundo,Arrancar: The Arrival Arc,Canon,Living,Easy,https://static.wikia.nocookie.net/bleach/images/7/7a/Ep138GrimmjowProfile.png/revision/latest/scale-to-width-down/1000?cb=20231110192143&path-prefix=en
Tier Harribel,Female,Arrancar,100-1000,Blonde,175,Espada,Hueco Mundo,Arrancar: The Arrival Arc,Canon,Living,Medium,https://static.wikia.nocookie.net/bleach/images/9/92/215Harribel_profile.png/revision/latest/scale-to-width-down/1000?cb=20220503234204&path-prefix=en
Szayelaporro Granz,Male,Arrancar,100-1000,Pink,185,Espada,Hell,Arrancar: The Arrival Arc,Canon,Deceased,Easy,https://static.wikia.nocookie.net/bleach/images/5/56/Ep159SzayelaporroProfile.png/revision/latest/scale-to-width-down/1000?cb=20231110190931&path-prefix=en
Mizuho Asano,Female,Human,001-20,Brown,162,Civilian,Karakura Town,Arrancar: The Arrival Arc,Canon,Living,Medium,https://static.wikia.nocookie.net/bleach/images/7/79/Ep229MizuhoProfile1.png/revision/latest?cb=20190126070038&path-prefix=en
Zennosuke Kurumadani,Male,Shinigami,100-1000,Black,164,Gotei 13,Karakura Town,Arrancar: The Arrival Arc,Canon,Living,Medium,https://static.wikia.nocookie.net/bleach/images/c/c5/Ep110ZennosukeKurumadani.png/revision/latest/scale-to-width-down/1000?cb=20231105192601&path-prefix=en
Kensei Muguruma,Male,Visored,100-1000,White,179,Vizard,Seireitei,Arrancar: The Arrival Arc,Canon,Living,Medium,https://static.wikia.nocookie.net/bleach/images/2/24/Ep366KenseiProfile.png/revision/latest?cb=20231105210706&path-prefix=en
Love Aikawa,Male,Visored,100-1000,Brown,189,Vizard,Seireitei,Arrancar: The Arrival Arc,Canon,Living,Medium,https://static.wikia.nocookie.net/bleach/images/6/67/Ep278LoveAikawa.png/revision/latest?cb=20231105205442&path-prefix=en
Rojuro Rose Otoribashi,Male,Visored,100-1000,Blonde,187,Vizard,Seireitei,Arrancar: The Arrival Arc,Canon,Living,Easy,https://static.wikia.nocookie.net/bleach/images/c/cd/Ep278Rose%C5%8Ctoribashi.png/revision/latest/scale-to-width-down/1000?cb=20231105210938&path-prefix=en
Shinji Hirako,Male,Visored,100-1000,Blonde,176,Vizard,Seireitei,Arrancar: The Arrival Arc,Canon,Living,Easy,https://static.wikia.nocookie.net/bleach/images/d/dd/Ep366ShinjiHirako.png/revision/latest?cb=20231105205850&path-prefix=en
Lisa Yadomaru,Female,Visored,100-1000,Black,162,Vizard,Seireitei,Arrancar: The Arrival Arc,Canon,Living,Medium,https://static.wikia.nocookie.net/bleach/images/9/9b/Ep123LisaProfile.png/revision/latest/scale-to-width-down/1000?cb=20231105211359&path-prefix=en
Mashiro Kuna,Female,Visored,100-1000,Green,153,Vizard,Seireitei,Arrancar: The Arrival Arc,Canon,Living,Medium,https://static.wikia.nocookie.net/bleach/images/0/04/Ep278MashiroKuna.png/revision/latest?cb=20231105210410&path-prefix=en
Hachigen Ushoda,Male,Visored,100-1000,Pink,257,Vizard,Karakura Town,Arrancar: The Arrival Arc,Canon,Living,Medium,https://static.wikia.nocookie.net/bleach/images/5/51/Ep127HachigenUsh%C5%8Dda.png/revision/latest?cb=20210919181114&path-prefix=en
Hiyori Sarugaki,Female,Visored,100-1000,Blonde,133,Vizard,Karakura Town,Arrancar: The Arrival Arc,Canon,Living,Easy,https://static.wikia.nocookie.net/bleach/images/5/52/Ep112HiyoriSarugakiProfile.png/revision/latest/scale-to-width-down/1000?cb=20230622194158&path-prefix=en
Wonderweiss Mergela,Male,Arrancar,001-20,Blonde,176,Espada,Hueco Mundo,Arrancar: Hueco Mundo Sneak Entry Arc,Canon,Deceased,Medium,https://static.wikia.nocookie.net/bleach/images/2/27/Ep143WonderweissProfile.png/revision/latest/scale-to-width-down/1000?cb=20231110200738&path-prefix=en
Baraggan Louisenbairn,Male,Arrancar,100-1000,White,166,Espada,Hueco Mundo,Arrancar: Hueco Mundo Sneak Entry Arc,Canon,Deceased,Easy,https://static.wikia.nocookie.net/bleach/images/9/93/Ep226BaragganProfile.png/revision/latest/scale-to-width-down/1000?cb=20230831172929&path-prefix=en
Rudbornn Chelute,Male,Arrancar,100-1000,None,186,Espada,Hueco Mundo,Arrancar: Hueco Mundo Sneak Entry Arc,Canon,Deceased,Medium,https://static.wikia.nocookie.net/bleach/images/3/39/Rudob%C5%8Dn.png/revision/latest/scale-to-width-down/1000?cb=20220612172554&path-prefix=en
Zommari Rureaux,Male,Arrancar,100-1000,White,196,Espada,Hueco Mundo,Arrancar: Hueco Mundo Sneak Entry Arc,Canon,Deceased,Medium,https://static.wikia.nocookie.net/bleach/images/9/97/Ep195ZommariProfile.png/revision/latest/scale-to-width-down/1000?cb=20231110201718&path-prefix=en
Dordoni Alessandro Del Socaccio,Male,Arrancar,100-1000,Black,185,Espada,Hueco Mundo,Arrancar: Hueco Mundo Sneak Entry Arc,Canon,Zombified,Medium,https://static.wikia.nocookie.net/bleach/images/5/57/Ep151DordoniAlessandroDelSocaccio2.png/revision/latest/scale-to-width-down/1000?cb=20231110190728&path-prefix=en
Gantenbainne Mosqueda,Male,Arrancar,100-1000,Orange,192,Espada,Hueco Mundo,Arrancar: Hueco Mundo Sneak Entry Arc,Canon,Zombified,Hard,https://static.wikia.nocookie.net/bleach/images/9/90/Ep157GantenbainneProfile.png/revision/latest/scale-to-width-down/1000?cb=20231110200247&path-prefix=en
Roka Paramia,Female,Arrancar,100-100,Black,140,Espada,Hueco Mundo,Arrancar: Hueco Mundo Sneak Entry Arc,Canon,Living,Hard,https://static.wikia.nocookie.net/bleach/images/4/4c/Ep127RokaProfile.png/revision/latest/scale-to-width-down/1000?cb=20230528045434&path-prefix=en
Loly Aivirrne,Female,Arrancar,100-1000,Black,157,Espada,Hueco Mundo,Arrancar: Hueco Mundo Sneak Entry Arc,Canon,Living,Hard,https://static.wikia.nocookie.net/bleach/images/8/86/Ep163LolyProfile.png/revision/latest?cb=20220621043146&path-prefix=en
Menoly Mallia,Female,Arrancar,100-1000,Blonde,159,Espada,Hueco Mundo,Arrancar: Hueco Mundo Sneak Entry Arc,Canon,Living,Hard,https://static.wikia.nocookie.net/bleach/images/c/cd/Ep163MenolyProfile.png/revision/latest/scale-to-width-down/1000?cb=20231110200530&path-prefix=en
Cirucci Sanderwicci,Female,Arrancar,100-1000,Purple,158,Espada,Hueco Mundo,Arrancar: Hueco Mundo Sneak Entry Arc,Canon,Zombified,Hard,https://static.wikia.nocookie.net/bleach/images/e/ee/Ep153CirucciProfile2.png/revision/latest/scale-to-width-down/1000?cb=20220531153947&path-prefix=en
Dondochakka Birstanne,Male,Arrancar,100-1000,None,204,Merry Men,Hueco Mundo,Arrancar: Hueco Mundo Sneak Entry Arc,Canon,Living,Easy,https://static.wikia.nocookie.net/bleach/images/0/04/Ep194DondochakkaProfile.png/revision/latest/scale-to-width-down/1000?cb=20220409205914&path-prefix=en
Pesche Guatiche,Male,Arrancar,100-1000,Blonde,177,Merry Men,Hueco Mundo,Arrancar: Hueco Mundo Sneak Entry Arc,Canon,Living,Easy,https://static.wikia.nocookie.net/bleach/images/7/70/Ep163PescheProfile.png/revision/latest?cb=20220621051907&path-prefix=en
Nelliel Tu Odelschwanck,Female,Arrancar,100-1000,Green,176,Merry Men,Hueco Mundo,Arrancar: Hueco Mundo Sneak Entry Arc,Canon,Living,Easy,https://static.wikia.nocookie.net/bleach/images/a/a3/Ep398NellielProfile.png/revision/latest?cb=20260410211102&path-prefix=en
Bawabawa,Male,Hollow,100-1000,None,900-1000,Merry Men,Hueco Mundo,Arrancar: Hueco Mundo Sneak Entry Arc,Canon,Living,Easy,https://static.wikia.nocookie.net/bleach/images/0/04/Ep146BawabawaProfile.png/revision/latest/scale-to-width-down/1000?cb=20230603031441&path-prefix=en
Ashido Kano,Male,Shinigami,100-1000,Brown,180,Independent,Forest of Menos,Arrancar: Hueco Mundo Sneak Entry Arc,Canon,Ambiguous,Hard,https://static.wikia.nocookie.net/bleach/images/6/63/Ep148AshidoProfile.png/revision/latest/scale-to-width-down/1000?cb=20231105212137&path-prefix=en
Findorr Calius,Male,Arrancar,100-1000,Blonde,185,Arrancar,Hueco Mundo,Arrancar: The Fierce Fight Arc,Canon,Deceased,Hard,https://static.wikia.nocookie.net/bleach/images/e/e3/Ep219FindorrProfile.png/revision/latest/scale-to-width-down/1000?cb=20231110190136&path-prefix=en
Ggio Vega,Male,Arrancar,100-1000,Black,186,Arrancar,Hueco Mundo,Arrancar: The Fierce Fight Arc,Canon,Deceased,Hard,https://static.wikia.nocookie.net/bleach/images/2/21/Ep221GgioProfile.png/revision/latest/scale-to-width-down/1000?cb=20220513051147&path-prefix=en
Charlotte Chuhlhourne,Male,Arrancar,100-1000,Purple,222,Arrancar,Hueco Mundo,Arrancar: The Fierce Fight Arc,Canon,Zombified,Hard,https://static.wikia.nocookie.net/bleach/images/e/e2/Ep217CharlotteProfile.png/revision/latest/scale-to-width-down/1000?cb=20230920202830&path-prefix=en
Cyan Sung-Sun,Female,Arrancar,100-1000,Black,154,Arrancar,Hueco Mundo,Arrancar: The Fierce Fight Arc,Canon,Living,Medium,https://static.wikia.nocookie.net/bleach/images/1/16/Ep368SungSunProfile.png/revision/latest?cb=20221017202631&path-prefix=en
Emilou Apacci,Female,Arrancar,100-1000,Black,169,Arrancar,Hueco Mundo,Arrancar: The Fierce Fight Arc,Canon,Living,Medium,https://static.wikia.nocookie.net/bleach/images/5/51/Ep221ApacciProfile.png/revision/latest?cb=20231110185158&path-prefix=en
Franceska Mila Rose,Female,Arrancar,100-1000,Brown,175,Arrancar,Hueco Mundo,Arrancar: The Fierce Fight Arc,Canon,Living,Medium,https://static.wikia.nocookie.net/bleach/images/a/a9/Ep368MilaRoseProfile.png/revision/latest?cb=20221017202656&path-prefix=en
Abirama Redder,Male,Arrancar,100-1000,Red,183,Espada,Hueco Mundo,Arrancar: The Fierce Fight Arc,Canon,Deceased,Hard,https://static.wikia.nocookie.net/bleach/images/2/21/Ep216AbiramaProfile.png/revision/latest/scale-to-width-down/1000?cb=20231110201052&path-prefix=en
Aisslinger Wernarr,Male,Arrancar,100-1000,Blonde,173,Espada,Hueco Mundo,Arrancar: The Fierce Fight Arc,Canon,Deceased,Hard,https://static.wikia.nocookie.net/bleach/images/5/51/Ep144AisslingerProfile.png/revision/latest/scale-to-width-down/1000?cb=20230528204023&path-prefix=en
Nirgge Parduoc,Male,Arrancar,100-1000,Blonde,212,Espada,Hueco Mundo,Arrancar: The Fierce Fight Arc,Canon,Deceased,Hard,https://static.wikia.nocookie.net/bleach/images/f/fc/Ep221NirggeProfile.png/revision/latest/scale-to-width-down/1000?cb=20220513054347&path-prefix=en
Lilynette Gingerbuck,Female,Arrancar,100-1000,Blonde,142,Espada,Hueco Mundo,Arrancar: The Fierce Fight Arc,Canon,Deceased,Medium,https://static.wikia.nocookie.net/bleach/images/9/9c/Ep161LilynetteProfile.png/revision/latest?cb=20220618140636&path-prefix=en
Moe Shishigawara,Male,Fullbringer,001-20,Black,176,Xcution,Naruki City,The Lost Agent of The Shinigami Arc,Canon,Living,Hard,https://static.wikia.nocookie.net/bleach/images/7/75/Ep349ShishigawaraProfile2.png/revision/latest/scale-to-width-down/1000?cb=20230222040739&path-prefix=en
Yukio Hans Vorarlberna,Male,Fullbringer,001-20,Blonde,154,Xcution,Naruki City,The Lost Agent of The Shinigami Arc,Canon,Living,Medium,https://static.wikia.nocookie.net/bleach/images/e/ef/Ep354YukioProfile.png/revision/latest?cb=20231105045336&path-prefix=en
Kugo Ginjo,Male,Fullbringer,21-40,Black,187,Xcution,Naruki City,The Lost Agent of The Shinigami Arc,Canon,Deceased,Easy,https://static.wikia.nocookie.net/bleach/images/2/2d/Ep344GinjoProfile.png/revision/latest/scale-to-width-down/1000?cb=20231105044507&path-prefix=en
Shukuro Tsukishima,Male,Fullbringer,21-40,Black,198,Xcution,Naruki City,The Lost Agent of The Shinigami Arc,Canon,Deceased,Easy,https://static.wikia.nocookie.net/bleach/images/2/25/Ep353TsukishimaProfile.png/revision/latest/scale-to-width-down/1000?cb=20231105042024&path-prefix=en
Giriko Kutsuzawa,Male,Fullbringer,41-60,Black,191,Xcution,Naruki City,The Lost Agent of The Shinigami Arc,Canon,Deceased,Medium,https://static.wikia.nocookie.net/bleach/images/c/c6/Ep343GirikoProfile.png/revision/latest/scale-to-width-down/1000?cb=20190226211759&path-prefix=en
Jackie Tristan,Female,Fullbringer,21-40,Black,163,Xcution,Naruki City,The Lost Agent of The Shinigami Arc,Canon,Living,Medium,https://static.wikia.nocookie.net/bleach/images/7/77/Ep351JackieProfile.png/revision/latest/scale-to-width-down/1000?cb=20221001190618&path-prefix=en
Riruka Dokugamine,Female,Fullbringer,21-40,Pink,156,Xcution,Naruki City,The Lost Agent of The Shinigami Arc,Canon,Living,Medium,https://static.wikia.nocookie.net/bleach/images/5/59/Ep398RirukaProfile.png/revision/latest?cb=20241110032103&path-prefix=en
Kaoru Unagiya,Male,Human,001-20,Black,145,Civilian,Karakura Town,The Lost Agent of The Shinigami Arc,Canon,Living,Medium,https://static.wikia.nocookie.net/bleach/images/7/78/Ep344KaoruProfile.png/revision/latest?cb=20190310185505&path-prefix=en
Ikumi Unagiya,Female,Human,21-40,Black,174,Civilian,Karakura Town,The Lost Agent of The Shinigami Arc,Canon,Living,Easy,https://static.wikia.nocookie.net/bleach/images/8/81/Ep344IkumiProfile3.png/revision/latest?cb=20231105044127&path-prefix=en
Asguiaro Ebern,Male,Arrancar,100-1000,Brown,181,Sternritter,Silbern,The 1000 Year Blood War Arc,Canon,Deceased,Hard,https://static.wikia.nocookie.net/bleach/images/a/a1/Ep367EbernProfile.png/revision/latest?cb=20221010200935&path-prefix=en
Ludaas Friegen,Male,Arrancar,100-1000,Black,184,Sternritter,Silbern,The 1000 Year Blood War Arc,Canon,Deceased,Hard,https://static.wikia.nocookie.net/bleach/images/e/ed/Ep367LudersProfile.png/revision/latest?cb=20221019172656&path-prefix=en
Kazui Kurosaki,Male,Hybrid,001-20,Ginger,145,Ryoka,Karakura Town,The 1000 Year Blood War Arc,Canon,Living,Easy,https://static.wikia.nocookie.net/bleach/images/1/10/686Kazui_profile.png/revision/latest?cb=20190523143534&path-prefix=en
Kanae Katagiri,Female,Quincy,41-60,Black,175,Independent,Karakura Town,The 1000 Year Blood War Arc,Canon,Deceased,Hard,https://static.wikia.nocookie.net/bleach/images/e/e5/Ep377KatagiriProfile.png/revision/latest?cb=20221219215423&path-prefix=en
Huburt Alexander Kleich,Male,Quincy,1000+,Black,Unknown,Lichtreich Schutzstaffel,Lichtreich,The 1000 Year Blood War Arc,Canon,Deceased,Hard,https://static.wikia.nocookie.net/bleach/images/e/ef/Ep406HuburtProfile.png/revision/latest?cb=20241228182509&path-prefix=en
Jugram Haschwalth,Male,Quincy,1000+,Blonde,189,Schutzstaffel,Silbern,The 1000 Year Blood War Arc,Canon,Deceased,Easy,https://static.wikia.nocookie.net/bleach/images/b/b5/Ep396HaschwalthProfile.png/revision/latest?cb=20241030014904&path-prefix=en
Lille Barro,Male,Quincy,1000+,Blonde,182,Schutzstaffel,Silbern,The 1000 Year Blood War Arc,Canon,Deceased,Easy,https://static.wikia.nocookie.net/bleach/images/5/58/Ep390LilleProfile.png/revision/latest?cb=20230923190941&path-prefix=en
Pernida Parnkgjas,Male,Quincy,1000000+,Bald,150,Schutzstaffel,Silbern,The 1000 Year Blood War Arc,Canon,Deceased,Easy,https://static.wikia.nocookie.net/bleach/images/4/43/Ep402PernidaProfile.png/revision/latest?cb=20241207162044&path-prefix=en
Yhwach,Male,Quincy,1000000+,Black,200,Schutzstaffel,Silbern,The 1000 Year Blood War Arc,Canon,Deceased,Easy,https://static.wikia.nocookie.net/bleach/images/8/80/Ep371YhwachProfile.png/revision/latest?cb=20221123091409&path-prefix=en
Askin Nakk Le Vaar,Male,Quincy,100-1000,Black,187,Schutzstaffel,Silbern,The 1000 Year Blood War Arc,Canon,Deceased,Easy,https://static.wikia.nocookie.net/bleach/images/d/da/Ep405AskinProfile.png/revision/latest?cb=20241228184756&path-prefix=en
Gerard Valkyrie,Male,Quincy,100-1000,Blonde,222,Schutzstaffel,Silbern,The 1000 Year Blood War Arc,Canon,Deceased,Easy,https://static.wikia.nocookie.net/bleach/images/b/bc/Ep390GerardProfile.png/revision/latest?cb=20230923184506&path-prefix=en
Bazz-B,Male,Quincy,1000+,Ginger,179,Sternritter,Silbern,The 1000 Year Blood War Arc,Canon,Deceased,Easy,https://static.wikia.nocookie.net/bleach/images/3/30/Ep380BazzBProfile.png/revision/latest?cb=20230708202502&path-prefix=en
As Nodt,Male,Quincy,100-1000,Black,179,Sternritter,Silbern,The 1000 Year Blood War Arc,Canon,Deceased,Easy,https://static.wikia.nocookie.net/bleach/images/d/d2/Ep370AsProfile2.png/revision/latest?cb=20221031203204&path-prefix=en
Berenice Gabrielli,Male,Quincy,100-1000,Blonde,165,Sternritter,Silbern,The 1000 Year Blood War Arc,Canon,Deceased,Hard,https://static.wikia.nocookie.net/bleach/images/6/61/Ep371BereniceProfile.png/revision/latest?cb=20221107175336&path-prefix=en
Cang Du,Male,Quincy,100-1000,Black,180,Sternritter,Silbern,The 1000 Year Blood War Arc,Canon,Deceased,Hard,https://static.wikia.nocookie.net/bleach/images/4/44/Ep382CangProfile2.png/revision/latest?cb=20230722215027&path-prefix=en
Driscol Berci,Male,Quincy,100-1000,Black,200,Sternritter,Silbern,The 1000 Year Blood War Arc,Canon,Deceased,Hard,https://static.wikia.nocookie.net/bleach/images/4/46/Ep371DriscollProfile2.png/revision/latest?cb=20221107201253&path-prefix=en
Gremmy Thoumeaux,Male,Quincy,100-1000,Blonde,155,Sternritter,Silbern,The 1000 Year Blood War Arc,Canon,Deceased,Easy,https://static.wikia.nocookie.net/bleach/images/e/eb/Ep386GremmyProfile.png/revision/latest?cb=20230820085534&path-prefix=en
Guenael Lee,Male,Quincy,100-1000,Grey,155,Sternritter,Silbern,The 1000 Year Blood War Arc,Canon,Deceased,Medium,https://static.wikia.nocookie.net/bleach/images/e/ef/Ep386GuenaelProfile.png/revision/latest?cb=20250529162211&path-prefix=en
James,Male,Quincy,100-1000,Bald,120,Sternritter,Silbern,The 1000 Year Blood War Arc,Canon,Deceased,Medium,https://static.wikia.nocookie.net/bleach/images/4/4f/Ep383JamesProfile.png/revision/latest?cb=20230730011301&path-prefix=en
Jerome Guizbatt,Male,Quincy,100-1000,Black,516,Sternritter,Silbern,The 1000 Year Blood War Arc,Canon,Deceased,Hard,https://static.wikia.nocookie.net/bleach/images/a/a4/Ep371JeromeProfile.png/revision/latest?cb=20230816232349&path-prefix=en
Loyd Lloyd,Male,Quincy,100-1000,Bald,170,Sternritter,Silbern,The 1000 Year Blood War Arc,Canon,Deceased,Hard,https://static.wikia.nocookie.net/bleach/images/0/0a/Ep371LoydProfile.png/revision/latest?cb=20221107181619&path-prefix=en
Mask De Masculine,Male,Quincy,100-1000,Bald,200,Sternritter,Silbern,The 1000 Year Blood War Arc,Canon,Deceased,Easy,https://static.wikia.nocookie.net/bleach/images/9/97/Ep371MaskProfile.png/revision/latest?cb=20221107200411&path-prefix=en
Nanana Najahkoop,Male,Quincy,100-1000,Black,180,Sternritter,Silbern,The 1000 Year Blood War Arc,Canon,Deceased,Hard,https://static.wikia.nocookie.net/bleach/images/1/14/Ep370NaNaNaProfile.png/revision/latest/scale-to-width-down/1000?cb=20221031202510&path-prefix=en
Nianzol Weizol,Male,Quincy,100-1000,Black,160,Sternritter,Silbern,The 1000 Year Blood War Arc,Canon,Deceased,Hard,https://static.wikia.nocookie.net/bleach/images/1/1d/Ep390NianzolProfileB.png/revision/latest?cb=20230923172246&path-prefix=en
Pepe Waccabrada,Male,Quincy,100-1000,Bald,160,Sternritter,Silbern,The 1000 Year Blood War Arc,Canon,Deceased,Hard,https://static.wikia.nocookie.net/bleach/images/e/e0/Ep389PePeProfile.png/revision/latest/scale-to-width-down/1000?cb=20230921204112&path-prefix=en
Quilge Opie,Male,Quincy,100-1000,Black,178,Sternritter,Silbern,The 1000 Year Blood War Arc,Canon,Deceased,Medium,https://static.wikia.nocookie.net/bleach/images/0/0a/Ep368QuilgeProfile.png/revision/latest?cb=20221017202135&path-prefix=en
Robert Accutrone,Male,Quincy,100-1000,Blonde,175,Sternritter,Silbern,The 1000 Year Blood War Arc,Canon,Deceased,Hard,https://static.wikia.nocookie.net/bleach/images/a/ae/Ep370RobertProfile.png/revision/latest?cb=20221031203302&path-prefix=en
Royd Lloyd,Male,Quincy,100-1000,Bald,170,Sternritter,Silbern,The 1000 Year Blood War Arc,Canon,Deceased,Hard,https://static.wikia.nocookie.net/bleach/images/0/0e/510Royd_profile.png/revision/latest?cb=20170830214925&path-prefix=en
Shaz Domino,Male,Quincy,100-1000,Blonde,175,Sternritter,Silbern,The 1000 Year Blood War Arc,Canon,Immortal,Hard,https://static.wikia.nocookie.net/bleach/images/f/f9/512Shaz_profile.png/revision/latest?cb=20170830215707&path-prefix=en
Giselle Gewelle,Female,Quincy,100-1000,Black,160,Sternritter,Silbern,The 1000 Year Blood War Arc,Canon,Living,Medium,https://static.wikia.nocookie.net/bleach/images/c/cf/Ep387GiselleProfile.png/revision/latest/scale-to-width-down/1000?cb=20230904070014&path-prefix=en
Liltotto Lamperd,Female,Quincy,100-1000,Blonde,145,Sternritter,Silbern,The 1000 Year Blood War Arc,Canon,Living,Medium,https://static.wikia.nocookie.net/bleach/images/b/b3/Ep387LiltottoProfileB.png/revision/latest?cb=20230924011604&path-prefix=en
Bambietta Basterbine,Female,Quincy,100-1000,Black,156,Sternritter,Silbern,The 1000 Year Blood War Arc,Canon,Zombified,Medium,https://static.wikia.nocookie.net/bleach/images/b/b6/Ep383BambiettaProfile.png/revision/latest?cb=20230729195015&path-prefix=en
Candice Catnipp,Female,Quincy,100-1000,Blonde,165,Sternritter,Silbern,The 1000 Year Blood War Arc,Canon,Zombified,Hard,https://static.wikia.nocookie.net/bleach/images/6/6b/Ep387CandiceProfileC.png/revision/latest?cb=20230917041106&path-prefix=en
Meninas McAllon,Female,Quincy,100-1000,Purple,191,Sternritter,Silbern,The 1000 Year Blood War Arc,Canon,Zombified,Hard,https://static.wikia.nocookie.net/bleach/images/6/67/Ep389MeninasProfile.png/revision/latest?cb=20230916185716&path-prefix=en
BG9,None,Quincy,100-1000,None,200,Sternritter,Silbern,The 1000 Year Blood War Arc,Canon,Deceased,Hard,https://static.wikia.nocookie.net/bleach/images/1/1d/Ep370BG9Profile.png/revision/latest/scale-to-width-down/1000?cb=20231025053619&path-prefix=en
Yushiro Shihoin,Male,Shinigami,100-1000,Purple,156,Gotei 13,Seireitei,The 1000 Year Blood War Arc,Canon,Living,Medium,https://static.wikia.nocookie.net/bleach/images/7/72/Ep395YushiroProfile.png/revision/latest/scale-to-width-down/1000?cb=20241019180302&path-prefix=en
Ryunosuke Yuki,Male,Shinigami,100-1000,Brown,178,Gotei 13,Karakura Town,The 1000 Year Blood War Arc,Canon,Living,Medium,https://static.wikia.nocookie.net/bleach/images/0/0c/Ep367YukiProfile.png/revision/latest/scale-to-width-down/1000?cb=20221010195746&path-prefix=en
Shino Madarame,Female,Shinigami,100-1000,Black,164,Gotei 13,Karakura Town,The 1000 Year Blood War Arc,Canon,Living,Medium,https://static.wikia.nocookie.net/bleach/images/e/e7/Ep367ShinoProfile.png/revision/latest?cb=20221010195634&path-prefix=en
Shunzan Kyoraku,Male,Shinigami,100-1000,Brown,Unknown,Noble,Seireitei,The 1000 Year Blood War Arc,Canon,Deceased,Impossible,https://static.wikia.nocookie.net/bleach/images/c/cd/Ep403ShunzanProfile.png/revision/latest?cb=20260420012341&path-prefix=en
Isuzu Ise,Female,Shinigami,100-1000,Black,Unknown,Noble,Seireitei,The 1000 Year Blood War Arc,Canon,Deceased,Impossible,https://static.wikia.nocookie.net/bleach/images/f/fe/Ep403IsuzuProfile.png/revision/latest?cb=20241216040641&path-prefix=en
Oetsu Nimaiya,Male,Shinigami,1000+,Black,172,Royal Guard,Soul King Palace,The 1000 Year Blood War Arc,Canon,Living,Easy,https://static.wikia.nocookie.net/bleach/images/3/3f/Ep376NimaiyaProfile.png/revision/latest?cb=20221218062450&path-prefix=en
Tenjiro Kirinji,Male,Shinigami,1000+,Black,193,Royal Guard,Soul King Palace,The 1000 Year Blood War Arc,Canon,Living,Medium,https://static.wikia.nocookie.net/bleach/images/9/96/Ep374KirinjiProfile2.png/revision/latest?cb=20221128211340&path-prefix=en
Ichibe'e Hyosube,Male,Shinigami,1000000+,Black,181,Royal Guard,Soul King Palace,The 1000 Year Blood War Arc,Canon,Living,Easy,https://static.wikia.nocookie.net/bleach/images/7/73/Ep374Ichibe%27eProfile.png/revision/latest?cb=20221128211227&path-prefix=en
Kirio Hikifune,Female,Shinigami,1000+,Pink,174,Royal Guard,Soul King Palace,The 1000 Year Blood War Arc,Canon,Living,Medium,https://static.wikia.nocookie.net/bleach/images/7/78/Ep375HikifuneProfile2.png/revision/latest?cb=20221205192753&path-prefix=en
Senjumaru Shutara,Female,Shinigami,1000+,Black,158,Royal Guard,Seireitei,The 1000 Year Blood War Arc,Canon,Living,Medium,https://static.wikia.nocookie.net/bleach/images/3/3f/Ep374SenjumaruProfile.png/revision/latest?cb=20221128211115&path-prefix=en
Adyneus Soul King(Reio),Male,Transcendent,1000000+,Black,180,Royal Guard,Soul King Palace,The 1000 Year Blood War Arc,Canon,Deceased,Easy,https://static.wikia.nocookie.net/bleach/images/3/34/615Soul_King_profile.png/revision/latest?cb=20190502002125&path-prefix=en
Mimihagi,Male,Transcendent,1000000+,Bald,80,Royal Guard,Seireitei,The 1000 Year Blood War Arc,Canon,Ambiguous,Easy,https://static.wikia.nocookie.net/bleach/images/e/ee/Ep395MimihagiProfile.png/revision/latest/scale-to-width-down/1000?cb=20241019180330&path-prefix=en
Wolfman Clan Elder,Male,Wolf Man,1000+,White,600-800,Wolf Man Clan,Rukongai,The 1000 Year Blood War Arc,Canon,Living,Hard,https://static.wikia.nocookie.net/bleach/images/f/fe/Ep379WolfmanElderProfile.png/revision/latest?cb=20221228091842&path-prefix=en
Hasuka Hashihara,Female,Zanpakuto,1000+,Blonde,Unknown,Royal Guard,Soul King Palace,The 1000 Year Blood War Arc,Canon,Living,Impossible,https://static.wikia.nocookie.net/bleach/images/e/eb/540Hasuka_profile.png/revision/latest?cb=20170901031649&path-prefix=en
Mera Hiuchigashima,Female,Zanpakuto,1000+,Red,Unknown,Royal Guard,Soul King Palace,The 1000 Year Blood War Arc,Canon,Living,Impossible,https://static.wikia.nocookie.net/bleach/images/b/b3/Ep376MeraProfile2.png/revision/latest?cb=20221218062609&path-prefix=en
Nonomi Nomino,Female,Zanpakuto,1000+,Pink,Unknown,Royal Guard,Soul King Palace,The 1000 Year Blood War Arc,Canon,Living,Impossible,https://static.wikia.nocookie.net/bleach/images/f/f8/540Nonomi_profile.png/revision/latest?cb=20170901031535&path-prefix=en
Tokie Tonokawa,Female,Zanpakuto,1000+,Black,Unknown,Royal Guard,Soul King Palace,The 1000 Year Blood War Arc,Canon,Living,Impossible,https://static.wikia.nocookie.net/bleach/images/5/5d/540Tokie_profile.png/revision/latest?cb=20170901031705&path-prefix=en
Tsumiko Tsuchimiya,Female,Zanpakuto,1000+,Black,Unknown,Royal Guard,Soul King Palace,The 1000 Year Blood War Arc,Canon,Living,Impossible,https://static.wikia.nocookie.net/bleach/images/d/d9/540Tsumiko_profile.png/revision/latest?cb=20170901031627&path-prefix=en